iteration,gbest_fitness
0,108.1426900673016
1,79.87907079812192
2,76.27558950781227
3,70.54364837291575
4,70.54364837291575
5,64.9033327707665
6,64.9033327707665
7,64.9033327707665
8,64.9033327707665
9,56.13657795149805
10,56.13657795149805
11,56.13657795149805
12,56.13657795149805
13,44.69264344373339
14,44.69264344373339
15,44.68421860467188
16,44.68421860467188
17,44.68421860467188
18,44.68421860467188
19,44.68421860467188
20,44.68421860467188
21,44.58388433069863
22,44.58388433069863
23,44.58388433069863
24,43.35543572363292
25,41.901317168104995
26,39.821517099017214
27,39.821517099017214
28,39.821517099017214
29,39.821517099017214
30,39.821517099017214
