iteration,gbest_fitness
0,6.26615266207015
1,4.300329075471746
2,2.383191049085113
3,1.2454606408316238
4,2.8135552622309348
5,1.4263686973372387
6,2.083353516879022
7,1.4727160470186433
8,1.4565402717626483
9,0.5342304959311157
10,1.4727160470186433
11,1.7367393183634476
12,1.011377707059001
13,1.0957579342383212
14,1.0420609804600076
15,1.0279252566020602
16,1.0038650764647201
17,1.0089702214286511
18,0.9956526936739287
19,0.9957345765283776
20,0.9952328541362618
21,0.9950540324883157
22,0.9950540324883157
23,0.9950540324883157
24,0.994987710471527
25,0.9949914183789659
26,0.9949632705009961
27,0.9949620874463534
28,0.9949594904511905
29,0.9949600451570042
30,0.9949592538090961
31,0.9949591632496606
32,0.9949592767635309
33,0.9949591265385749
34,0.9949590573519771
35,0.9949590740667844
36,0.9949590671735073
37,0.9949590607011345
38,0.9949590573519771
39,0.9949590574220153
40,0.9949590571094049
41,0.9949590571094049
42,0.9949590571094049
43,0.9949590571091385
44,0.9949590571003455
45,0.9949590570955564
46,0.9949590570955564
47,0.994959057094924
48,0.9949590570946114
49,0.994959057093336
50,0.9949590570935634
51,0.9949590570933502
52,0.9949590570933076
53,0.994959057093304
54,0.9949590570933005
55,0.9949590570933005
56,0.994959057093304
57,0.9949590570933005
58,0.9949590570932969
59,0.9949590570932934
60,0.9949590570932898
61,0.9949590570932898
62,0.9949590570932898
63,0.9949590570932898
64,0.9949590570932898
65,0.9949590570932898
66,0.9949590570932898
67,0.9949590570932898
68,0.9949590570932898
69,0.9949590570932898
70,0.9949590570932898
71,0.9949590570932898
72,0.9949590570932898
73,0.9949590570932898
74,0.9949590570932898
75,0.9949590570932898
76,0.9949590570932898
77,0.9949590570932898
78,0.9949590570932898
79,0.9949590570932898
80,0.9949590570932898
81,0.9949590570932898
82,0.9949590570932898
83,0.9949590570932898
84,0.9949590570932898
85,0.9949590570932898
86,0.9949590570932898
87,0.9949590570932898
88,0.9949590570932898
89,0.9949590570932898
90,0.9949590570932898
91,0.9949590570932898
92,0.9949590570932898
93,0.9949590570932898
94,0.9949590570932898
95,0.9949590570932898
96,0.9949590570932898
97,0.9949590570932898
98,0.9949590570932898
99,0.9949590570932898
