iteration,gbest_fitness
0,4.789904612438821
1,4.701100703391191
2,5.135451920954312
3,0.5130207858481945
4,1.6957038387725056
5,1.1909316728086239
6,1.1909316728086239
7,1.7270272373587048
8,1.001152523493161
9,1.0108073087634537
10,1.0680867167724912
11,1.0012289666422234
12,0.9975806647024754
13,0.9950117802229528
14,0.997555826880518
15,0.9955490913864722
16,0.9957328365263898
17,0.9950053443765796
18,0.9949667998781919
19,0.9949789702663594
20,0.9949740661112401
21,0.9949780440829699
22,0.9949713555283886
23,0.9949627224786752
24,0.9949614586972046
25,0.9949600595503298
26,0.9949602426756066
27,0.9949592603141966
28,0.994959236495923
29,0.9949591009376135
30,0.9949590597786013
31,0.9949590585543255
32,0.9949590795419638
33,0.9949590588668542
34,0.9949590571326468
35,0.9949590592128885
36,0.9949590573044347
37,0.9949590574612976
38,0.9949590571326468
39,0.9949590572107567
40,0.9949590571340039
41,0.9949590571702913
42,0.9949590571349631
43,0.9949590571039977
44,0.9949590570991802
45,0.9949590571001394
46,0.9949590570933537
47,0.9949590570943769
48,0.9949590570937872
49,0.9949590570934035
50,0.9949590570933147
51,0.9949590570932969
52,0.9949590570932898
53,0.9949590570932898
54,0.9949590570932898
55,0.9949590570932898
56,0.9949590570932898
57,0.9949590570932898
58,0.9949590570932898
59,0.9949590570932898
60,0.9949590570932898
61,0.9949590570932898
62,0.9949590570932898
63,0.9949590570932898
64,0.9949590570932898
65,0.9949590570932898
66,0.9949590570932898
67,0.9949590570932898
68,0.9949590570932898
69,0.9949590570932898
70,0.9949590570932898
71,0.9949590570932898
72,0.9949590570932898
73,0.9949590570932898
74,0.9949590570932898
75,0.9949590570932898
76,0.9949590570932898
77,0.9949590570932898
78,0.9949590570932898
79,0.9949590570932898
80,0.9949590570932898
81,0.9949590570932898
82,0.9949590570932898
83,0.9949590570932898
84,0.9949590570932898
85,0.9949590570932898
86,0.9949590570932898
87,0.9949590570932898
88,0.9949590570932898
89,0.9949590570932898
90,0.9949590570932898
91,0.9949590570932898
92,0.9949590570932898
93,0.9949590570932898
94,0.9949590570932898
95,0.9949590570932898
96,0.9949590570932898
97,0.9949590570932898
98,0.9949590570932898
99,0.9949590570932898
