iteration,gbest_fitness
0,2.2524030728266986
1,1.528705198320452
2,0.9270671082975355
3,1.3946839557732709
4,1.142297464548303
5,1.142297464548303
6,1.142297464548303
7,1.0702600545184993
8,1.032032587087187
9,1.1003318887452096
10,1.0179689847226925
11,1.0079567642577878
12,1.0007817876675702
13,0.9952116221576972
14,0.9961103826836997
15,0.9959861485544614
16,0.9952116221576972
17,0.9950100108877713
18,0.9950223811588614
19,0.995007360829959
20,0.9949873273267009
21,0.9949602060996412
22,0.9949602060996412
23,0.9949594970388773
24,0.9949603117224939
25,0.9949596598413883
26,0.9949591844450616
27,0.9949591598032974
28,0.9949591415949541
29,0.9949591005084493
30,0.9949590937745683
31,0.9949590578290497
32,0.9949590615002535
33,0.994959057954599
34,0.9949590571568088
35,0.9949590578235288
36,0.9949590578235288
37,0.9949590577103677
38,0.9949590571328351
39,0.9949590571328351
40,0.9949590571244542
41,0.9949590571355458
42,0.9949590571032552
43,0.9949590571040012
44,0.9949590570938014
45,0.9949590570937659
46,0.9949590570941282
47,0.9949590570933893
48,0.9949590570934745
49,0.9949590570934177
50,0.9949590570933502
51,0.9949590570932969
52,0.9949590570932969
53,0.9949590570932969
54,0.9949590570932969
55,0.9949590570932934
56,0.9949590570932898
57,0.9949590570932898
58,0.9949590570932898
59,0.9949590570932898
60,0.9949590570932898
61,0.9949590570932898
62,0.9949590570932898
63,0.9949590570932898
64,0.9949590570932898
65,0.9949590570932898
66,0.9949590570932898
67,0.9949590570932898
68,0.9949590570932898
69,0.9949590570932898
70,0.9949590570932898
71,0.9949590570932898
72,0.9949590570932898
73,0.9949590570932898
74,0.9949590570932898
75,0.9949590570932898
76,0.9949590570932898
77,0.9949590570932898
78,0.9949590570932898
79,0.9949590570932898
80,0.9949590570932898
81,0.9949590570932898
82,0.9949590570932898
83,0.9949590570932898
84,0.9949590570932898
85,0.9949590570932898
86,0.9949590570932898
87,0.9949590570932898
88,0.9949590570932898
89,0.9949590570932898
90,0.9949590570932898
91,0.9949590570932898
92,0.9949590570932898
93,0.9949590570932898
94,0.9949590570932898
95,0.9949590570932898
96,0.9949590570932898
97,0.9949590570932898
98,0.9949590570932898
99,0.9949590570932898
